Дата,Город
) Телевизор LED TCL 65C735 черный [QLED, 4K UltraHD, 3840x2160, DLNA, Wi-Fi, 120 Гц, Google TV, HDMI х 3, USB х 1]"
Сравнить
Сравнить
""
69 999
"В наличии: в 7 магазинах
Доставим на дом: завтра"
В наличии:
в 7 магазинах
Доставим на дом:
-8%
"32"" (80 см) Телевизор LED Samsung UE32T5300AUXRU черный [FullHD, 1920x1080, Wi-Fi, 60 Гц, Tizen, HDMI х 2, USB х 1]"
Сравнить
Сравнить
""
23 999
"В наличии: в 16 магазинах
Доставим на дом: за 2 часа"
В наличии:
в 16 магазинах
Доставим на дом:
-5%
"65"" (165 см) Телевизор OLED LG OLED65C24LA серебристый [4K UltraHD, 3840x2160, DLNA, Wi-Fi, 120 Гц, webOS, HDMI х 4, USB х 3]"
""
"В наличии: в 1 магазине
Доставим на дом: завтра"
В наличии:
в 1 магазине
Доставим на дом:
-10%
"55"" (138 см) Телевизор LED Samsung UE55AU7002UXRU черный [4K UltraHD, 3840x2160, DLNA, Wi-Fi, 60 Гц, Tizen, HDMI х 3, USB х 1]"
""
54 499
"В наличии: в 6 магазинах
Доставим на дом: завтра"
В наличии:
в 6 магазинах
Доставим на дом:
-10%
"75"" (190 см) Телевизор LED TCL 75P737 серебристый [4K UltraHD, 3840x2160, DLNA, Wi-Fi, 60 Гц, Google TV, HDMI х 3, USB х 2]"
""
92 999
"В наличии: в 5 магазинах
Доставим на дом: завтра"
В наличии:
в 5 магазинах
Доставим на дом:
-26%
"50"" (126 см) Телевизор LED Philips 50PUS7956/60 серебристый [4K UltraHD, 3840x2160, Wi-Fi, 60 Гц, Android TV, HDMI х 4, USB х 2]"
""
49 999
"В наличии: в 3 магазинах
Доставим на дом: завтра"
В наличии:
в 3 магазинах
Доставим на дом:
-10%
"50"" (125 см) Телевизор LED Samsung UE50AU7002UXRU черный [4K UltraHD, 3840x2160, DLNA, Wi-Fi, 60 Гц, Tizen, HDMI х 3, USB х 1]"
""
47 999
"В наличии: в 11 магазинах
Доставим на дом: завтра"
В наличии:
в 11 магазинах
Доставим на дом:
-10%
"65"" (163 см) Телевизор LED TCL 65C835 черный [QLED, 4K UltraHD, 3840x2160, DLNA, Wi-Fi, 120 Гц, Google TV, HDMI х 4, USB х 1]"
""
106 499
"В наличии: в 6 магазинах
Доставим на дом: завтра"
В наличии:
в 6 магазинах
Доставим на дом:
"32"" (80 см) Телевизор LED Samsung S32BM500EI черный [FullHD, 1920x1080, Wi-Fi, 60 Гц, Tizen, HDMI х 2, USB х 2]"
""
"В наличии: в 11 магазинах
Доставим на дом: за 2 часа"
В наличии:
в 11 магазинах
Доставим на дом:
-13%
"55"" (140 см) Телевизор LED LG 55NANO766QA черный [NanoCell, 4K UltraHD, 3840x2160, DLNA, Wi-Fi, 60 Гц, webOS, HDMI х 3, USB х 2]"
""
69 999
"В наличии: в 4 магазинах
Доставим на дом: завтра"
В наличии:
в 4 магазинах
Доставим на дом:
-32%
"65"" (165 см) Телевизор OLED LG OLED65C2RLA серый [4K UltraHD, 3840x2160, DLNA, Wi-Fi, 120 Гц, webOS, HDMI х 4, USB х 3]"
""
249 999
"В магазинах: 22 марта (ср)
Доставим на дом: 23 марта (чт)"
В магазинах:
22 марта (ср)
Доставим на дом:
-5%
"50"" (127 см) Телевизор LED LG 50NANO766QA черный [NanoCell, 4K UltraHD, 3840x2160, DLNA, Wi-Fi, 60 Гц, webOS, HDMI х 3, USB х 2]"
""
"В наличии: в 3 магазинах
Доставим на дом: завтра"
В наличии:
в 3 магазинах
Доставим на дом:
-10%
"75"" (190 см) Телевизор LED iFFALCON 75H720 серый [QLED, 4K UltraHD, 3840x2160, DLNA, Wi-Fi, 60 Гц, Android TV, HDMI х 3, USB х 2]"
""
79 999
"В наличии: в 13 магазинах
Доставим на дом: завтра"
В наличии:
в 13 магазинах
Доставим на дом:
-13%
"65"" (164 см) Телевизор OLED Konka A65 черный [4K UltraHD, 3840x2160, DLNA, Wi-Fi, 120 Гц, webOS, HDMI х 4, USB х 2]"
""
114 999
"В наличии: в 5 магазинах
Доставим на дом: завтра"
В наличии:
в 5 магазинах
Доставим на дом:
-7%
"58"" (146 см) Телевизор LED Philips 58PUS8507/60 серебристый [4K UltraHD, 3840x2160, Wi-Fi, 60 Гц, Android TV, HDMI х 4, USB х 2]"
""
"В магазинах: завтра c (10:00)
Доставим на дом: послезавтра"
В магазинах:
завтра c (10:00)
Доставим на дом:
-13%
"55"" (139 см) Телевизор OLED Konka A55 черный [4K UltraHD, 3840x2160, DLNA, Wi-Fi, 120 Гц, webOS, HDMI х 4, USB х 2]"
""
79 999
"В наличии: в 8 магазинах
Доставим на дом: завтра"
В наличии:
в 8 магазинах
Доставим на дом:
"43"" (108 см) Телевизор LED LG 43UP75006LF черный [4K UltraHD, 3840x2160, Wi-Fi, 60 Гц, webOS, HDMI х 2, USB х 1]"
""
"В наличии: в 12 магазинах
Доставим на дом: за 2 часа"
В наличии:
в 12 магазинах
Доставим на дом:
-13%
"55"" (139 см) Телевизор LED LG 55UN68006LA черный [4K UltraHD, 3840x2160, DLNA, Wi-Fi, 60 Гц, webOS, HDMI х 3, USB х 2]"
""
48 999
"В магазинах: 21 марта (вт)
Доставим на дом: 22 марта (ср)"
В магазинах:
21 марта (вт)
Доставим на дом:
https://www.dns-shop.ru/product/d35080358e10a99b/65-163-sm-televizor-led-tcl-65c735-cernyj/
https://www.dns-shop.ru/product/d35080358e10a99b/65-163-sm-televizor-led-tcl-65c735-cernyj/
https://www.dns-shop.ru/product/d35080358e10a99b/65-163-sm-televizor-led-tcl-65c735-cernyj/opinion/
https://www.dns-shop.ru/product/d35080358e10a99b/65-163-sm-televizor-led-tcl-65c735-cernyj/service-rating/
https://www.dns-shop.ru/product/d35080358e10a99b/65-163-sm-televizor-led-tcl-65c735-cernyj/communicator/
https://www.dns-shop.ru/product/5c126fca53a83330/32-80-sm-televizor-led-samsung-ue32t5300auxru-cernyj/
https://www.dns-shop.ru/product/5c126fca53a83330/32-80-sm-televizor-led-samsung-ue32t5300auxru-cernyj/
https://www.dns-shop.ru/product/5c126fca53a83330/32-80-sm-televizor-led-samsung-ue32t5300auxru-cernyj/opinion/
https://www.dns-shop.ru/product/5c126fca53a83330/32-80-sm-televizor-led-samsung-ue32t5300auxru-cernyj/service-rating/
https://www.dns-shop.ru/product/5c126fca53a83330/32-80-sm-televizor-led-samsung-ue32t5300auxru-cernyj/communicator/
https://www.dns-shop.ru/product/6a866e8616b21912/65-165-sm-televizor-oled-lg-oled65c24la-serebristyj/
https://www.dns-shop.ru/product/6a866e8616b21912/65-165-sm-televizor-oled-lg-oled65c24la-serebristyj/
https://www.dns-shop.ru/product/6a866e8616b21912/65-165-sm-televizor-oled-lg-oled65c24la-serebristyj/opinion/
https://www.dns-shop.ru/product/6a866e8616b21912/65-165-sm-televizor-oled-lg-oled65c24la-serebristyj/service-rating/
https://www.dns-shop.ru/product/6a866e8616b21912/65-165-sm-televizor-oled-lg-oled65c24la-serebristyj/communicator/
https://www.dns-shop.ru/product/dab9b48a854f2ff4/55-138-sm-televizor-led-samsung-ue55au7002uxru-cernyj/
https://www.dns-shop.ru/product/dab9b48a854f2ff4/55-138-sm-televizor-led-samsung-ue55au7002uxru-cernyj/
https://www.dns-shop.ru/product/dab9b48a854f2ff4/55-138-sm-televizor-led-samsung-ue55au7002uxru-cernyj/opinion/
https://www.dns-shop.ru/product/dab9b48a854f2ff4/55-138-sm-televizor-led-samsung-ue55au7002uxru-cernyj/service-rating/
https://www.dns-shop.ru/product/dab9b48a854f2ff4/55-138-sm-televizor-led-samsung-ue55au7002uxru-cernyj/communicator/
https://www.dns-shop.ru/product/5697be5e750ced20/75-190-sm-televizor-led-tcl-75p737-serebristyj/
https://www.dns-shop.ru/product/5697be5e750ced20/75-190-sm-televizor-led-tcl-75p737-serebristyj/
https://www.dns-shop.ru/product/5697be5e750ced20/75-190-sm-televizor-led-tcl-75p737-serebristyj/opinion/
https://www.dns-shop.ru/product/5697be5e750ced20/75-190-sm-televizor-led-tcl-75p737-serebristyj/service-rating/
https://www.dns-shop.ru/product/5697be5e750ced20/75-190-sm-televizor-led-tcl-75p737-serebristyj/communicator/
https://www.dns-shop.ru/product/5007e04edde92ff2/50-126-sm-televizor-led-philips-50pus795660-serebristyj/
https://www.dns-shop.ru/product/5007e04edde92ff2/50-126-sm-televizor-led-philips-50pus795660-serebristyj/
https://www.dns-shop.ru/product/5007e04edde92ff2/50-126-sm-televizor-led-philips-50pus795660-serebristyj/opinion/
https://www.dns-shop.ru/product/5007e04edde92ff2/50-126-sm-televizor-led-philips-50pus795660-serebristyj/service-rating/
https://www.dns-shop.ru/product/5007e04edde92ff2/50-126-sm-televizor-led-philips-50pus795660-serebristyj/communicator/
https://www.dns-shop.ru/product/dab9b488854f2ff4/50-125-sm-televizor-led-samsung-ue50au7002uxru-cernyj/
https://www.dns-shop.ru/product/dab9b488854f2ff4/50-125-sm-televizor-led-samsung-ue50au7002uxru-cernyj/
https://www.dns-shop.ru/product/dab9b488854f2ff4/50-125-sm-televizor-led-samsung-ue50au7002uxru-cernyj/opinion/
https://www.dns-shop.ru/product/dab9b488854f2ff4/50-125-sm-televizor-led-samsung-ue50au7002uxru-cernyj/service-rating/
https://www.dns-shop.ru/product/dab9b488854f2ff4/50-125-sm-televizor-led-samsung-ue50au7002uxru-cernyj/communicator/
https://www.dns-shop.ru/product/003aa92e1cb440af/65-163-sm-televizor-led-tcl-65c835-cernyj/
https://www.dns-shop.ru/product/003aa92e1cb440af/65-163-sm-televizor-led-tcl-65c835-cernyj/
https://www.dns-shop.ru/product/003aa92e1cb440af/65-163-sm-televizor-led-tcl-65c835-cernyj/opinion/
https://www.dns-shop.ru/product/003aa92e1cb440af/65-163-sm-televizor-led-tcl-65c835-cernyj/service-rating/
https://www.dns-shop.ru/product/003aa92e1cb440af/65-163-sm-televizor-led-tcl-65c835-cernyj/communicator/
https://www.dns-shop.ru/product/84661b7f59c3ed20/32-80-sm-televizor-led-samsung-s32bm500ei-cernyj/
https://www.dns-shop.ru/product/84661b7f59c3ed20/32-80-sm-televizor-led-samsung-s32bm500ei-cernyj/
https://www.dns-shop.ru/product/84661b7f59c3ed20/32-80-sm-televizor-led-samsung-s32bm500ei-cernyj/opinion/
https://www.dns-shop.ru/product/84661b7f59c3ed20/32-80-sm-televizor-led-samsung-s32bm500ei-cernyj/service-rating/
https://www.dns-shop.ru/product/84661b7f59c3ed20/32-80-sm-televizor-led-samsung-s32bm500ei-cernyj/communicator/
https://www.dns-shop.ru/product/99452120a86d091e/55-140-sm-televizor-led-lg-55nano766qa-cernyj/
https://www.dns-shop.ru/product/99452120a86d091e/55-140-sm-televizor-led-lg-55nano766qa-cernyj/
https://www.dns-shop.ru/product/99452120a86d091e/55-140-sm-televizor-led-lg-55nano766qa-cernyj/opinion/
https://www.dns-shop.ru/product/99452120a86d091e/55-140-sm-televizor-led-lg-55nano766qa-cernyj/service-rating/
https://www.dns-shop.ru/product/99452120a86d091e/55-140-sm-televizor-led-lg-55nano766qa-cernyj/communicator/
https://www.dns-shop.ru/product/aa7f9042b8bf3d6b/65-165-sm-televizor-oled-lg-oled65c2rla-seryj/
https://www.dns-shop.ru/product/aa7f9042b8bf3d6b/65-165-sm-televizor-oled-lg-oled65c2rla-seryj/
https://www.dns-shop.ru/product/aa7f9042b8bf3d6b/65-165-sm-televizor-oled-lg-oled65c2rla-seryj/opinion/
https://www.dns-shop.ru/product/aa7f9042b8bf3d6b/65-165-sm-televizor-oled-lg-oled65c2rla-seryj/service-rating/
https://www.dns-shop.ru/product/aa7f9042b8bf3d6b/65-165-sm-televizor-oled-lg-oled65c2rla-seryj/communicator/
https://www.dns-shop.ru/product/dd36918fd4be4315/50-127-sm-televizor-led-lg-50nano766qa-cernyj/
https://www.dns-shop.ru/product/dd36918fd4be4315/50-127-sm-televizor-led-lg-50nano766qa-cernyj/
https://www.dns-shop.ru/product/dd36918fd4be4315/50-127-sm-televizor-led-lg-50nano766qa-cernyj/opinion/
https://www.dns-shop.ru/product/dd36918fd4be4315/50-127-sm-televizor-led-lg-50nano766qa-cernyj/service-rating/
https://www.dns-shop.ru/product/dd36918fd4be4315/50-127-sm-televizor-led-lg-50nano766qa-cernyj/communicator/
https://www.dns-shop.ru/product/ce2eedca3ad0ed20/75-190-sm-televizor-led-iffalcon-75h720-seryj/
https://www.dns-shop.ru/product/ce2eedca3ad0ed20/75-190-sm-televizor-led-iffalcon-75h720-seryj/
https://www.dns-shop.ru/product/ce2eedca3ad0ed20/75-190-sm-televizor-led-iffalcon-75h720-seryj/opinion/
https://www.dns-shop.ru/product/ce2eedca3ad0ed20/75-190-sm-televizor-led-iffalcon-75h720-seryj/service-rating/
https://www.dns-shop.ru/product/ce2eedca3ad0ed20/75-190-sm-televizor-led-iffalcon-75h720-seryj/communicator/
https://www.dns-shop.ru/product/e152b17c2cd1ed20/65-164-sm-televizor-oled-konka-a65-cernyj/
https://www.dns-shop.ru/product/e152b17c2cd1ed20/65-164-sm-televizor-oled-konka-a65-cernyj/
https://www.dns-shop.ru/product/e152b17c2cd1ed20/65-164-sm-televizor-oled-konka-a65-cernyj/opinion/
https://www.dns-shop.ru/product/e152b17c2cd1ed20/65-164-sm-televizor-oled-konka-a65-cernyj/service-rating/
https://www.dns-shop.ru/product/e152b17c2cd1ed20/65-164-sm-televizor-oled-konka-a65-cernyj/communicator/
https://www.dns-shop.ru/product/f3c92647e457b2a4/58-146-sm-televizor-led-philips-58pus850760-serebristyj/
https://www.dns-shop.ru/product/f3c92647e457b2a4/58-146-sm-televizor-led-philips-58pus850760-serebristyj/
https://www.dns-shop.ru/product/f3c92647e457b2a4/58-146-sm-televizor-led-philips-58pus850760-serebristyj/opinion/
https://www.dns-shop.ru/product/f3c92647e457b2a4/58-146-sm-televizor-led-philips-58pus850760-serebristyj/service-rating/
https://www.dns-shop.ru/product/f3c92647e457b2a4/58-146-sm-televizor-led-philips-58pus850760-serebristyj/communicator/
https://www.dns-shop.ru/product/71e400662ccfed20/55-139-sm-televizor-oled-konka-a55-cernyj/
https://www.dns-shop.ru/product/71e400662ccfed20/55-139-sm-televizor-oled-konka-a55-cernyj/
https://www.dns-shop.ru/product/71e400662ccfed20/55-139-sm-televizor-oled-konka-a55-cernyj/opinion/
https://www.dns-shop.ru/product/71e400662ccfed20/55-139-sm-televizor-oled-konka-a55-cernyj/service-rating/
https://www.dns-shop.ru/product/71e400662ccfed20/55-139-sm-televizor-oled-konka-a55-cernyj/communicator/
https://www.dns-shop.ru/product/5452c2ea9e7a2eb0/43-108-sm-televizor-led-lg-43up75006lf-cernyj/
https://www.dns-shop.ru/product/5452c2ea9e7a2eb0/43-108-sm-televizor-led-lg-43up75006lf-cernyj/
https://www.dns-shop.ru/product/5452c2ea9e7a2eb0/43-108-sm-televizor-led-lg-43up75006lf-cernyj/opinion/
https://www.dns-shop.ru/product/5452c2ea9e7a2eb0/43-108-sm-televizor-led-lg-43up75006lf-cernyj/service-rating/
https://www.dns-shop.ru/product/5452c2ea9e7a2eb0/43-108-sm-televizor-led-lg-43up75006lf-cernyj/communicator/
https://www.dns-shop.ru/product/51ba573eac842eb0/55-139-sm-televizor-led-lg-55un68006la-cernyj/
https://www.dns-shop.ru/product/51ba573eac842eb0/55-139-sm-televizor-led-lg-55un68006la-cernyj/
https://www.dns-shop.ru/product/51ba573eac842eb0/55-139-sm-televizor-led-lg-55un68006la-cernyj/opinion/
https://www.dns-shop.ru/product/51ba573eac842eb0/55-139-sm-televizor-led-lg-55un68006la-cernyj/service-rating/
https://www.dns-shop.ru/product/51ba573eac842eb0/55-139-sm-televizor-led-lg-55un68006la-cernyj/communicator/
